<?xml version="1.0" encoding="UTF-8"?>
<Snapshots Version="1.0">
    <Snapshot>
        <Title>FIRST DRAFT</Title>
        <Date>2018-06-24 11:16:09 -0400</Date>
    </Snapshot>
    <Snapshot>
        <Title>SECOND DRAFT</Title>
        <Date>2018-07-02 06:17:21 -0400</Date>
    </Snapshot>
    <Snapshot>
        <Title>THIRD DRAFT</Title>
        <Date>2018-07-18 07:52:04 -0400</Date>
    </Snapshot>
    <Snapshot>
        <Title>THIRD DRAFT (LONG VERSION)</Title>
        <Date>2018-07-28 11:58:50 -0400</Date>
    </Snapshot>
    <Snapshot>
        <Title>THIRD DRAFT (SHORT VERSION)</Title>
        <Date>2018-07-28 12:00:10 -0400</Date>
    </Snapshot>
</Snapshots>
