<?xml version="1.0" encoding="UTF-8"?>
<Snapshots Version="1.0">
    <Snapshot>
        <Title>FIRST DRAFT</Title>
        <Date>2018-04-24 05:48:51 -0400</Date>
    </Snapshot>
    <Snapshot>
        <Title>SECOND DRAFT</Title>
        <Date>2018-04-24 06:36:34 -0400</Date>
        <Comments>
            <Comment ID="C001CE0B-0CBA-499C-9A5C-8E515801B9E9" Collapsed="No" Color="0.996078 0.964706 0.737255"><![CDATA[{\rtf1\ansi\ansicpg1252\uc1\deff0
{\fonttbl{\f0\fnil\fcharset0\fprq2 ArialMT;}}
{\colortbl;\red0\green0\blue0;\red255\green255\blue255;}
\paperw12240\paperh15840\margl1800\margr1800\margt1440\margb1440\fet2\ftnbj\aenddoc
\pgnrestart\pgnstarts0
\pard\plain \ltrch\loch {\f0\fs22\b0\i0 Scratch, 4/24/2018 6:19:12 AM - Veronica Westfall had a baby to Clipper Watson?}}]]></Comment>
            <Comment ID="62C9C53D-8CAD-49C8-86F2-1AFF18039B6B" Collapsed="No" Color="0.996078 0.964706 0.737255"><![CDATA[{\rtf1\ansi\ansicpg1252\uc1\deff0
{\fonttbl{\f0\fnil\fcharset0\fprq2 ArialMT;}}
{\colortbl;\red0\green0\blue0;\red255\green255\blue255;}
\paperw12240\paperh15840\margl1800\margr1800\margt1440\margb1440\fet2\ftnbj\aenddoc
\pgnrestart\pgnstarts0
\pard\plain \ltrch\loch {\f0\fs22\b0\i0 Scratch, 4/24/2018 6:19:47 AM - Veronica was an ex-addict too. }}]]></Comment>
            <Comment ID="0B1DFE37-F658-46EB-BB9F-396AC371F776" Collapsed="No" Color="0.996078 0.964706 0.737255"><![CDATA[{\rtf1\ansi\ansicpg1252\uc1\deff0
{\fonttbl{\f0\fnil\fcharset0\fprq2 ArialMT;}}
{\colortbl;\red0\green0\blue0;\red255\green255\blue255;}
\paperw12240\paperh15840\margl1800\margr1800\margt1440\margb1440\fet2\ftnbj\aenddoc
\pgnrestart\pgnstarts0
\pard\plain \ltrch\loch {\f0\fs22\b0\i0 Scratch, 4/24/2018 6:21:28 AM = Okay, what do with that fact?}}]]></Comment>
            <Comment ID="D7830634-C13F-4FA2-9D15-E3EDA97CC8FF" Collapsed="No" Color="0.996078 0.964706 0.737255"><![CDATA[{\rtf1\ansi\ansicpg1252\uc1\deff0
{\fonttbl{\f0\fnil\fcharset0\fprq2 ArialMT;}}
{\colortbl;\red0\green0\blue0;\red255\green255\blue255;}
\paperw12240\paperh15840\margl1800\margr1800\margt1440\margb1440\fet2\ftnbj\aenddoc
\pgnrestart\pgnstarts0
\pard\plain \ltrch\loch {\f0\fs22\b0\i0 Scratch, 4/24/2018 6:23:17 AM = We have a Vanterpool reference to V\loch\af0\hich\af0\dbch\af0\uc1\u8217\'92aan T\u8217\'92aal. }}]]></Comment>
            <Comment ID="E570AD61-63B9-4843-A70E-7D00D736839E" Collapsed="No" Color="0.996078 0.964706 0.737255"><![CDATA[{\rtf1\ansi\ansicpg1252\uc1\deff0
{\fonttbl{\f0\fnil\fcharset0\fprq2 ArialMT;}}
{\colortbl;\red0\green0\blue0;\red255\green255\blue255;}
\paperw12240\paperh15840\margl1800\margr1800\margt1440\margb1440\fet2\ftnbj\aenddoc
\pgnrestart\pgnstarts0
\pard\plain \ltrch\loch {\f0\fs22\b0\i0 Scratch, 4/24/2018 6:24:51 AM - The takers? Not sure I like this. Where I am going with this. }}]]></Comment>
            <Comment ID="FB721640-44AD-437A-AFBF-1546FE3C7A3F" Collapsed="No" Color="0.996078 0.964706 0.737255"><![CDATA[{\rtf1\ansi\ansicpg1252\uc1\deff0
{\fonttbl{\f0\fnil\fcharset0\fprq2 ArialMT;}}
{\colortbl;\red0\green0\blue0;\red255\green255\blue255;}
\paperw12240\paperh15840\margl1800\margr1800\margt1440\margb1440\fet2\ftnbj\aenddoc
\pgnrestart\pgnstarts0
\pard\plain \ltrch\loch {\f0\fs22\b0\i0 Scratch, 4/24/2018 6:34:40 AM - So we conclude with Ciipper Watson missing. Did V\loch\af0\hich\af0\dbch\af0\uc1\u8217\'92aan T\u8217\'92aal kill him? Does this chapter make any fucking sense?}}]]></Comment>
        </Comments>
    </Snapshot>
</Snapshots>
