<?xml version="1.0" encoding="UTF-8"?>
<Snapshots Version="1.0">
    <Snapshot>
        <Title>Draft</Title>
        <Date>2017-02-02 05:14:59 -0500</Date>
    </Snapshot>
    <Snapshot>
        <Title>First Edit</Title>
        <Date>2017-02-15 06:10:03 -0500</Date>
    </Snapshot>
    <Snapshot>
        <Title>Pre-Sync External File Version</Title>
        <Date>2017-04-21 15:27:15 -0500</Date>
    </Snapshot>
    <Snapshot>
        <Title>Pre-Sync External File Version</Title>
        <Date>2017-06-20 11:19:19 -0500</Date>
    </Snapshot>
    <Snapshot>
        <Title>Pre-Sync External File Version</Title>
        <Date>2017-06-28 13:39:07 -0500</Date>
    </Snapshot>
    <Snapshot>
        <Title>Second Draft</Title>
        <Date>2018-03-23 14:30:41 -0500</Date>
        <Comments>
            <Comment ID="C73BFCCD-B401-4221-8939-E602C2B59F1F" Collapsed="No" Color="0.996078 0.964706 0.737255"><![CDATA[{\rtf1\ansi\ansicpg1252\uc1\deff0
{\fonttbl{\f0\fnil\fcharset0\fprq2 ArialMT;}{\f1\fnil\fcharset0\fprq2 Calibri;}}
{\colortbl;\red0\green0\blue0;\red255\green255\blue255;}
\paperw12240\paperh15840\margl1800\margr1800\margt1440\margb1440\fet2\ftnbj\aenddoc
\pgnrestart\pgnstarts0
\pard\plain \ltrch\loch {\f1\fs28\b0\i0 Scratch, 2/17/2017 5:22:25 AM }
\par\plain {\f1\fs28\b0\i0 Access Dark Energy? What the hell is dark energy? Need to research this as an item.}}]]></Comment>
            <Comment ID="7D5EFC0B-8ABD-4A33-9F89-48A168BCFCB4" Collapsed="No" Color="0.996078 0.964706 0.737255"><![CDATA[{\rtf1\ansi\ansicpg1252\uc1\deff0
{\fonttbl{\f0\fnil\fcharset0\fprq2 ArialMT;}}
{\colortbl;\red0\green0\blue0;\red255\green255\blue255;}
\paperw12240\paperh15840\margl1800\margr1800\margt1440\margb1440\fet2\ftnbj\aenddoc
\pgnrestart\pgnstarts0
\pard\plain \ltrch\loch {\f0\fs28\b0\i0 Scratch, 4/6/2017 6:07:40 AM}
\par\plain {\f0\fs28\b0\i0 This can be referenced in the new scene - Nowastars.}}]]></Comment>
        </Comments>
    </Snapshot>
    <Snapshot>
        <Title>THIRD DRAFT</Title>
        <Date>2018-05-14 22:51:30 -0500</Date>
        <Comments>
            <Comment ID="7D5EFC0B-8ABD-4A33-9F89-48A168BCFCB4" Collapsed="No" Color="0.996078 0.964706 0.737255"><![CDATA[{\rtf1\ansi\ansicpg1252\uc1\deff0
{\fonttbl{\f0\fnil\fcharset0\fprq2 ArialMT;}}
{\colortbl;\red0\green0\blue0;\red255\green255\blue255;}
\paperw12240\paperh15840\margl1800\margr1800\margt1440\margb1440\fet2\ftnbj\aenddoc
\pgnrestart\pgnstarts0
\pard\plain \ltrch\loch {\f0\fs28\b0\i0 Scratch, 4/6/2017 6:07:40 AM}
\par\plain {\f0\fs28\b0\i0 This can be referenced in the new scene - Nowastars.}}]]></Comment>
        </Comments>
    </Snapshot>
    <Snapshot>
        <Title>DONE</Title>
        <Date>2018-09-09 09:56:59 -0500</Date>
    </Snapshot>
</Snapshots>
