<?xml version="1.0" encoding="UTF-8"?>
<Snapshots Version="1.0">
    <Snapshot>
        <Title>FIRST DRAFT</Title>
        <Date>2018-06-04 02:25:16 -0400</Date>
        <Comments>
            <Comment ID="8721E57F-B713-4042-8006-D07A2ACC108C" Collapsed="No" Color="0.996078 0.964706 0.737255"><![CDATA[{\rtf1\ansi\ansicpg1252\uc1\deff0
{\fonttbl{\f0\fnil\fcharset0\fprq2 ArialMT;}}
{\colortbl;\red0\green0\blue0;\red255\green255\blue255;}
\paperw12240\paperh15840\margl1800\margr1800\margt1440\margb1440\fet2\ftnbj\aenddoc
\pgnrestart\pgnstarts0
\pard\plain \ltrch\loch {\f0\fs22\b0\i0 Scratch, 5/27/2018 10:36:28 AM - Could this be more interesting in Clipper Watson followed her, knowing that Dr. David Wright was a convincted Pedaphile. }}]]></Comment>
            <Comment ID="E3C16524-73D3-4972-962C-89B0E34B2663" Collapsed="No" Color="0.996078 0.964706 0.737255"><![CDATA[{\rtf1\ansi\ansicpg1252\uc1\deff0
{\fonttbl{\f0\fnil\fcharset0\fprq2 ArialMT;}}
{\colortbl;\red0\green0\blue0;\red255\green255\blue255;}
\paperw12240\paperh15840\margl1800\margr1800\margt1440\margb1440\fet2\ftnbj\aenddoc
\pgnrestart\pgnstarts0
\pard\plain \ltrch\loch {\f0\fs22\b0\i0 Scratch, 5/27/2018 10:55:41 AM - What if Clipper Watson had his hunting rifle with him. He scopped her from afar and is ready to shoot. }}]]></Comment>
        </Comments>
    </Snapshot>
    <Snapshot>
        <Title>SECOND DRAFT</Title>
        <Date>2018-06-05 05:01:00 -0400</Date>
        <Comments>
            <Comment ID="8721E57F-B713-4042-8006-D07A2ACC108C" Collapsed="No" Color="0.996078 0.964706 0.737255"><![CDATA[{\rtf1\ansi\ansicpg1252\uc1\deff0
{\fonttbl{\f0\fnil\fcharset0\fprq2 ArialMT;}}
{\colortbl;\red0\green0\blue0;\red255\green255\blue255;}
\paperw12240\paperh15840\margl1800\margr1800\margt1440\margb1440\fet2\ftnbj\aenddoc
\pgnrestart\pgnstarts0
\pard\plain \ltrch\loch {\f0\fs22\b0\i0 Scratch, 5/27/2018 10:36:28 AM - Could this be more interesting in Clipper Watson followed her, knowing that Dr. David Wright was a convincted Pedaphile. }}]]></Comment>
            <Comment ID="E3C16524-73D3-4972-962C-89B0E34B2663" Collapsed="No" Color="0.996078 0.964706 0.737255"><![CDATA[{\rtf1\ansi\ansicpg1252\uc1\deff0
{\fonttbl{\f0\fnil\fcharset0\fprq2 ArialMT;}}
{\colortbl;\red0\green0\blue0;\red255\green255\blue255;}
\paperw12240\paperh15840\margl1800\margr1800\margt1440\margb1440\fet2\ftnbj\aenddoc
\pgnrestart\pgnstarts0
\pard\plain \ltrch\loch {\f0\fs22\b0\i0 Scratch, 5/27/2018 10:55:41 AM - What if Clipper Watson had his hunting rifle with him. He scopped her from afar and is ready to shoot. }}]]></Comment>
        </Comments>
    </Snapshot>
    <Snapshot>
        <Title>THIRD DRAFT</Title>
        <Date>2018-06-10 09:06:08 -0400</Date>
        <Comments>
            <Comment ID="8721E57F-B713-4042-8006-D07A2ACC108C" Collapsed="No" Color="0.996078 0.964706 0.737255"><![CDATA[{\rtf1\ansi\ansicpg1252\uc1\deff0
{\fonttbl{\f0\fnil\fcharset0\fprq2 ArialMT;}}
{\colortbl;\red0\green0\blue0;\red255\green255\blue255;}
\paperw12240\paperh15840\margl1800\margr1800\margt1440\margb1440\fet2\ftnbj\aenddoc
\pgnrestart\pgnstarts0
\pard\plain \ltrch\loch {\f0\fs22\b0\i0 Scratch, 5/27/2018 10:36:28 AM - Could this be more interesting in Clipper Watson followed her, knowing that Dr. David Wright was a convincted Pedaphile. }}]]></Comment>
            <Comment ID="E3C16524-73D3-4972-962C-89B0E34B2663" Collapsed="No" Color="0.996078 0.964706 0.737255"><![CDATA[{\rtf1\ansi\ansicpg1252\uc1\deff0
{\fonttbl{\f0\fnil\fcharset0\fprq2 ArialMT;}}
{\colortbl;\red0\green0\blue0;\red255\green255\blue255;}
\paperw12240\paperh15840\margl1800\margr1800\margt1440\margb1440\fet2\ftnbj\aenddoc
\pgnrestart\pgnstarts0
\pard\plain \ltrch\loch {\f0\fs22\b0\i0 Scratch, 5/27/2018 10:55:41 AM - What if Clipper Watson had his hunting rifle with him. He scopped her from afar and is ready to shoot. }}]]></Comment>
        </Comments>
    </Snapshot>
</Snapshots>
