<?xml version="1.0" encoding="UTF-8"?>
<Snapshots Version="1.0">
    <Snapshot>
        <Title>FIRST DRAFT</Title>
        <Date>2017-04-28 15:05:47 -0500</Date>
    </Snapshot>
    <Snapshot>
        <Title>Pre-Sync External File Version</Title>
        <Date>2017-05-02 17:29:24 -0500</Date>
    </Snapshot>
    <Snapshot>
        <Title>SECOND DRAFT</Title>
        <Date>2017-06-20 11:19:19 -0500</Date>
    </Snapshot>
    <Snapshot>
        <Title>THIRD DRAFT</Title>
        <Date>2018-05-16 06:14:49 -0500</Date>
    </Snapshot>
    <Snapshot>
        <Title>Third Draft - Revised</Title>
        <Date>2018-12-27 05:01:56 -0500</Date>
    </Snapshot>
</Snapshots>
