<?xml version="1.0" encoding="UTF-8"?>
<Snapshots Version="1.0">
    <Snapshot>
        <Title>Draft</Title>
        <Date>2017-02-02 10:01:01 -0500</Date>
    </Snapshot>
    <Snapshot>
        <Title>First Draft</Title>
        <Date>2017-02-15 06:08:51 -0500</Date>
    </Snapshot>
    <Snapshot>
        <Title>Pre-Sync External File Version</Title>
        <Date>2017-04-21 15:27:17 -0500</Date>
    </Snapshot>
    <Snapshot>
        <Title>Pre-Sync External File Version</Title>
        <Date>2017-06-28 13:39:08 -0500</Date>
    </Snapshot>
    <Snapshot>
        <Title>SECOND DRAFT</Title>
        <Date>2017-09-25 04:49:48 -0500</Date>
        <Comments>
            <Comment ID="8CB0F9D2-8AAC-493D-AAEE-B158042FFD05" Collapsed="No" Color="0.996078 0.964706 0.737255"><![CDATA[{\rtf1\ansi\ansicpg1252\uc1\deff0
{\fonttbl{\f0\fnil\fcharset0\fprq2 ArialMT;}{\f1\fnil\fcharset0\fprq2 ComicSansMS;}}
{\colortbl;\red0\green0\blue0;\red255\green255\blue255;}
\paperw12240\paperh15840\margl1800\margr1800\margt1440\margb1440\fet2\ftnbj\aenddoc
\pgnrestart\pgnstarts0
\pard\plain \ltrch\loch {\f1\fs22\b0\i0 Scratch, 2/17/2017 5:23:43 AM}
\par\plain {\f1\fs22\b0\i0 So Carly notes that this is too similar to Oberon. She suggests changing this to antother city? Hmm. But what if Oberon means from Oberlin, Oh.? }}]]></Comment>
        </Comments>
    </Snapshot>
    <Snapshot>
        <Title>THIRD DRAFT</Title>
        <Date>2018-05-15 07:57:55 -0500</Date>
        <Comments>
            <Comment ID="8CB0F9D2-8AAC-493D-AAEE-B158042FFD05" Collapsed="No" Color="0.996078 0.964706 0.737255"><![CDATA[{\rtf1\ansi\ansicpg1252\uc1\deff0
{\fonttbl{\f0\fnil\fcharset0\fprq2 ArialMT;}{\f1\fnil\fcharset0\fprq2 ComicSansMS;}}
{\colortbl;\red0\green0\blue0;\red255\green255\blue255;}
\paperw12240\paperh15840\margl1800\margr1800\margt1440\margb1440\fet2\ftnbj\aenddoc
\pgnrestart\pgnstarts0
\pard\plain \ltrch\loch {\f1\fs22\b0\i0 Scratch, 2/17/2017 5:23:43 AM}
\par\plain {\f1\fs22\b0\i0 So Carly notes that this is too similar to Oberon. She suggests changing this to antother city? Hmm. But what if Oberon means from Oberlin, Oh.? }}]]></Comment>
        </Comments>
    </Snapshot>
    <Snapshot>
        <Title>FINAL</Title>
        <Date>2018-08-27 17:42:17 -0500</Date>
        <Comments>
            <Comment ID="8CB0F9D2-8AAC-493D-AAEE-B158042FFD05" Collapsed="No" Color="0.996078 0.964706 0.737255"><![CDATA[{\rtf1\ansi\ansicpg1252\uc1\deff0
{\fonttbl{\f0\fnil\fcharset0\fprq2 ArialMT;}{\f1\fnil\fcharset0\fprq2 ComicSansMS;}}
{\colortbl;\red0\green0\blue0;\red255\green255\blue255;}
\paperw12240\paperh15840\margl1800\margr1800\margt1440\margb1440\fet2\ftnbj\aenddoc
\pgnrestart\pgnstarts0
\pard\plain \ltrch\loch {\f1\fs22\b0\i0 Scratch, 2/17/2017 5:23:43 AM}
\par\plain {\f1\fs22\b0\i0 So Carly notes that this is too similar to Oberon. She suggests changing this to antother city? Hmm. But what if Oberon means from Oberlin, Oh.? }}]]></Comment>
        </Comments>
    </Snapshot>
    <Snapshot>
        <Title>FINAL 1.0</Title>
        <Date>2019-02-04 21:16:36 -0500</Date>
    </Snapshot>
</Snapshots>
