<?xml version="1.0" encoding="UTF-8"?>
<Snapshots Version="1.0">
    <Snapshot>
        <Title>Pre-Sync External File Version</Title>
        <Date>2017-06-20 11:19:19 -0400</Date>
    </Snapshot>
    <Snapshot>
        <Title>Pre-Sync External File Version</Title>
        <Date>2017-06-28 13:39:07 -0400</Date>
    </Snapshot>
    <Snapshot>
        <Title>First Draft - Cleaned Up</Title>
        <Date>2017-07-23 09:30:56 -0400</Date>
    </Snapshot>
    <Snapshot>
        <Title>Second Draft</Title>
        <Date>2017-08-07 11:55:27 -0400</Date>
    </Snapshot>
    <Snapshot>
        <Title>Second Draft-Final</Title>
        <Date>2017-09-10 22:29:31 -0400</Date>
        <Comments>
            <Comment ID="6A1698E7-D2B5-40D5-96F8-80F4F808E08E" Collapsed="No" Color="0.996078 0.964706 0.737255"><![CDATA[{\rtf1\ansi\ansicpg1252\uc1\deff0
{\fonttbl{\f0\fnil\fcharset0\fprq2 ArialMT;}}
{\colortbl;\red0\green0\blue0;\red255\green255\blue255;}
\paperw12240\paperh15840\margl1800\margr1800\margt1440\margb1440\fet2\ftnbj\aenddoc
\pgnrestart\pgnstarts0
\pard\plain \ltrch\loch {\f0\fs22\b0\i0 Scratch, 9/10/2017 10:22:10 PM}
\par\plain {\f0\fs22\b0\i0 Should Vanterpool be part of the MJ-12 and should his participation be known to the President?}}]]></Comment>
        </Comments>
    </Snapshot>
    <Snapshot>
        <Title>THIRD DRAFT</Title>
        <Date>2018-05-20 11:19:23 -0400</Date>
        <Comments>
            <Comment ID="6DA4B669-2CBC-46D6-82CE-C18D1A522D3F" Collapsed="No" Color="0.996078 0.964706 0.737255"><![CDATA[{\rtf1\ansi\ansicpg1252\uc1\deff0
{\fonttbl{\f0\fnil\fcharset0\fprq2 ArialMT;}}
{\colortbl;\red0\green0\blue0;\red255\green255\blue255;}
\paperw12240\paperh15840\margl1800\margr1800\margt1440\margb1440\fet2\ftnbj\aenddoc
\pgnrestart\pgnstarts0
\pard\plain \ltrch\loch {\f0\fs22\b0\i0 Scratch, 9/11/2017 6:37:15 AM}
\par\plain {\f0\fs22\b0\i0 George Walker Bush (born July 6, 1946) is an American politician who served as the 43rd President of the United States from 2001 to 2009. He was also the 46th Governor of Texas from 1995 to 2000.}}]]></Comment>
            <Comment ID="6A1698E7-D2B5-40D5-96F8-80F4F808E08E" Collapsed="No" Color="0.996078 0.964706 0.737255"><![CDATA[{\rtf1\ansi\ansicpg1252\uc1\deff0
{\fonttbl{\f0\fnil\fcharset0\fprq2 ArialMT;}}
{\colortbl;\red0\green0\blue0;\red255\green255\blue255;}
\paperw12240\paperh15840\margl1800\margr1800\margt1440\margb1440\fet2\ftnbj\aenddoc
\pgnrestart\pgnstarts0
\pard\plain \ltrch\loch {\f0\fs22\b0\i0 Scratch, 9/10/2017 10:22:10 PM}
\par\plain {\f0\fs22\b0\i0 Should Vanterpool be part of the MJ-12 and should his participation be known to the President?}}]]></Comment>
        </Comments>
    </Snapshot>
</Snapshots>
