<?xml version="1.0" encoding="UTF-8"?>
<Snapshots Version="1.0">
    <Snapshot>
        <Title>Pre-Sync External File Version</Title>
        <Date>2017-03-21 15:01:41 -0400</Date>
    </Snapshot>
    <Snapshot>
        <Title>FIRST DRAFT</Title>
        <Date>2018-04-08 15:34:14 -0400</Date>
    </Snapshot>
    <Snapshot>
        <Title>SECOND DRAFT</Title>
        <Date>2018-04-23 06:27:01 -0400</Date>
        <Comments>
            <Comment ID="24CE5BF7-5C3D-4E22-A59C-BCE6548ED5AE" Collapsed="No" Color="0.996078 0.964706 0.737255"><![CDATA[{\rtf1\ansi\ansicpg1252\uc1\deff0
{\fonttbl{\f0\fnil\fcharset0\fprq2 ArialMT;}}
{\colortbl;\red0\green0\blue0;\red255\green255\blue255;}
\paperw12240\paperh15840\margl1800\margr1800\margt1440\margb1440\fet2\ftnbj\aenddoc
\pgnrestart\pgnstarts0
\pard\plain \ltrch\loch {\f0\fs22\b0\i0 Scratch, 4/9/2018 7:30:36 AM - Is that his position?}}]]></Comment>
            <Comment ID="EB30AFBE-86BA-4209-8D50-E42F92561712" Collapsed="No" Color="0.996078 0.964706 0.737255"><![CDATA[{\rtf1\ansi\ansicpg1252\uc1\deff0
{\fonttbl{\f0\fnil\fcharset0\fprq2 ArialMT;}}
{\colortbl;\red0\green0\blue0;\red255\green255\blue255;}
\paperw12240\paperh15840\margl1800\margr1800\margt1440\margb1440\fet2\ftnbj\aenddoc
\pgnrestart\pgnstarts0
\pard\plain \ltrch\loch {\f0\fs22\b0\i0 Scratch, 4/9/2018 7:32:39 AM - Does this match with Hank\loch\af0\hich\af0\dbch\af0\uc1\u8217\'92s first time meeting the man? Was that the baseball scene?}}]]></Comment>
        </Comments>
    </Snapshot>
</Snapshots>
