<?xml version="1.0" encoding="UTF-8"?>
<Snapshots Version="1.0">
    <Snapshot>
        <Title>FIRST DRAFT</Title>
        <Date>2018-05-07 06:37:00 -0400</Date>
    </Snapshot>
    <Snapshot>
        <Title>SECOND DRAFT</Title>
        <Date>2018-05-08 06:37:09 -0400</Date>
        <Comments>
            <Comment ID="A36DE9D3-BD29-4724-9F31-5C00F866EE99" Collapsed="No" Color="0.996078 0.964706 0.737255"><![CDATA[{\rtf1\ansi\ansicpg1252\uc1\deff0
{\fonttbl{\f0\fnil\fcharset0\fprq2 ArialMT;}}
{\colortbl;\red0\green0\blue0;\red255\green255\blue255;}
\paperw12240\paperh15840\margl1800\margr1800\margt1440\margb1440\fet2\ftnbj\aenddoc
\pgnrestart\pgnstarts0
\pard\plain \ltrch\loch {\f0\fs22\b0\i0 Scratch, 5/8/2018 6:01:54 AM - Totally forgot about the receipt. Is this still relevant?}}]]></Comment>
        </Comments>
    </Snapshot>
    <Snapshot>
        <Title>THIRD DRAFT</Title>
        <Date>2018-05-29 06:12:56 -0400</Date>
    </Snapshot>
    <Snapshot>
        <Title>FINAL</Title>
        <Date>2018-08-26 11:45:43 -0400</Date>
    </Snapshot>
</Snapshots>
