<?xml version="1.0" encoding="UTF-8"?>
<Snapshots Version="1.0">
    <Snapshot>
        <Title>SECOND DRAFT</Title>
        <Date>2017-10-05 07:26:16 -0400</Date>
    </Snapshot>
    <Snapshot>
        <Title>THIRD DRAFT</Title>
        <Date>2018-06-04 02:18:45 -0400</Date>
        <Comments>
            <Comment ID="B2951B57-F47F-4D21-AE43-A672CF4E4213" Collapsed="No" Color="0.996078 0.964706 0.737255"><![CDATA[{\rtf1\ansi\ansicpg1252\uc1\deff0
{\fonttbl{\f0\fnil\fcharset0\fprq2 ArialMT;}}
{\colortbl;\red0\green0\blue0;\red255\green255\blue255;}
\paperw12240\paperh15840\margl1800\margr1800\margt1440\margb1440\fet2\ftnbj\aenddoc
\pgnrestart\pgnstarts0
\pard\plain \ltrch\loch {\f0\fs22\b0\i0 Scratch, 5/27/2018 11:04:44 AM - What if she gets a drink this drugged and Clipper Watson shoots it out of her hand.}}]]></Comment>
        </Comments>
    </Snapshot>
</Snapshots>
