<?xml version="1.0" encoding="UTF-8"?>
<Snapshots Version="1.0">
    <Snapshot>
        <Title>Pre-Sync External File Version</Title>
        <Date>2017-03-12 17:07:32 -0400</Date>
    </Snapshot>
    <Snapshot>
        <Title>Pre-Sync External File Version</Title>
        <Date>2017-03-15 14:13:33 -0400</Date>
    </Snapshot>
    <Snapshot>
        <Title>Pre-Sync External File Version</Title>
        <Date>2017-03-16 05:07:37 -0400</Date>
    </Snapshot>
    <Snapshot>
        <Title>Pre-Sync External File Version</Title>
        <Date>2017-03-16 05:12:33 -0400</Date>
    </Snapshot>
    <Snapshot>
        <Title>Pre-Sync External File Version</Title>
        <Date>2017-03-21 15:01:42 -0400</Date>
    </Snapshot>
    <Snapshot>
        <Title>Pre-Sync External File Version</Title>
        <Date>2017-03-23 08:34:29 -0400</Date>
    </Snapshot>
    <Snapshot>
        <Title>FIRST DRAFT</Title>
        <Date>2017-04-06 09:12:53 -0400</Date>
    </Snapshot>
    <Snapshot>
        <Title>Pre-Sync External File Version</Title>
        <Date>2017-04-21 15:27:20 -0400</Date>
    </Snapshot>
    <Snapshot>
        <Title>Pre-Sync External File Version</Title>
        <Date>2017-06-20 11:19:20 -0400</Date>
    </Snapshot>
    <Snapshot>
        <Title>SECOND DRAFT</Title>
        <Date>2018-05-14 23:47:23 -0400</Date>
    </Snapshot>
    <Snapshot>
        <Title>THIRD DRAFT</Title>
        <Date>2018-05-14 23:48:12 -0400</Date>
    </Snapshot>
</Snapshots>
