<?xml version="1.0" encoding="UTF-8"?>
<Snapshots Version="1.0">
    <Snapshot>
        <Title>First Draft</Title>
        <Date>2017-05-08 12:14:33 -0400</Date>
    </Snapshot>
    <Snapshot>
        <Title>Pre-Sync External File Version</Title>
        <Date>2017-06-20 11:19:19 -0400</Date>
    </Snapshot>
    <Snapshot>
        <Title>Pre-Sync External File Version</Title>
        <Date>2017-06-28 13:39:07 -0400</Date>
    </Snapshot>
    <Snapshot>
        <Title>SECOND DRAFT</Title>
        <Date>2018-05-15 00:12:21 -0400</Date>
    </Snapshot>
    <Snapshot>
        <Title>THIRD DRAFT</Title>
        <Date>2018-05-15 00:13:21 -0400</Date>
    </Snapshot>
    <Snapshot>
        <Title>DONE</Title>
        <Date>2018-07-06 04:25:07 -0400</Date>
    </Snapshot>
</Snapshots>
