<?xml version="1.0" encoding="UTF-8"?>
<Snapshots Version="1.0">
    <Snapshot>
        <Title>Pre-Sync External File Version</Title>
        <Date>2017-03-21 15:01:41 -0500</Date>
    </Snapshot>
    <Snapshot>
        <Title>Pre-Sync External File Version</Title>
        <Date>2017-03-23 08:34:29 -0500</Date>
    </Snapshot>
    <Snapshot>
        <Title>FIRST DRAFT</Title>
        <Date>2017-12-07 07:28:42 -0500</Date>
        <Comments>
            <Comment ID="53126B73-4D41-4CCF-9B83-8DEF25C92E59" Collapsed="No" Color="0.996078 0.964706 0.737255"><![CDATA[{\rtf1\ansi\ansicpg1252\uc1\deff0
{\fonttbl{\f0\fnil\fcharset0\fprq2 ArialMT;}}
{\colortbl;\red0\green0\blue0;\red255\green255\blue255;}
\paperw12240\paperh15840\margl1800\margr1800\margt1440\margb1440\fet2\ftnbj\aenddoc
\pgnrestart\pgnstarts0
\pard\plain \ltrch\loch {\f0\fs22\b0\i0 dereno, 3/22/2017 11:58:18 AM}
\par\plain {\f0\fs22\b0\i0 Didn\loch\af0\hich\af0\dbch\af0\uc1\u8217\'92t come out yet bro!}}]]></Comment>
            <Comment ID="048125E8-926B-44BF-A8E4-C54657F8E69B" Collapsed="No" Color="0.996078 0.964706 0.737255"><![CDATA[{\rtf1\ansi\ansicpg1252\uc1\deff0
{\fonttbl{\f0\fnil\fcharset0\fprq2 ArialMT;}}
{\colortbl;\red0\green0\blue0;\red255\green255\blue255;}
\paperw12240\paperh15840\margl1800\margr1800\margt1440\margb1440\fet2\ftnbj\aenddoc
\pgnrestart\pgnstarts0
\pard\plain \ltrch\loch {\f0\fs22\b0\i0 dereno, 3/22/2017 12:03:29 PM}
\par\plain {\f0\fs22\b0\i0 Okay, how old is Caroline? Get this straight dude. }}]]></Comment>
        </Comments>
    </Snapshot>
    <Snapshot>
        <Title>SECOND DRAFT</Title>
        <Date>2017-12-08 06:24:32 -0500</Date>
        <Comments>
            <Comment ID="7969871F-E3FC-419E-9E7F-1BB6D59A9176" Collapsed="No" Color="0.996078 0.964706 0.737255"><![CDATA[{\rtf1\ansi\ansicpg1252\uc1\deff0
{\fonttbl{\f0\fnil\fcharset0\fprq2 ArialMT;}}
{\colortbl;\red0\green0\blue0;\red255\green255\blue255;}
\paperw12240\paperh15840\margl1800\margr1800\margt1440\margb1440\fet2\ftnbj\aenddoc
\pgnrestart\pgnstarts0
\pard\plain \ltrch\loch {\f0\fs22\b0\i0 Scratch, 12/7/2017 7:49:07 AM - Maybe this should tie into the end of the story somehow. Beer at Ozzie\loch\af0\hich\af0\dbch\af0\uc1\u8217\'92s?}}]]></Comment>
            <Comment ID="53126B73-4D41-4CCF-9B83-8DEF25C92E59" Collapsed="No" Color="0.996078 0.964706 0.737255"><![CDATA[{\rtf1\ansi\ansicpg1252\uc1\deff0
{\fonttbl{\f0\fnil\fcharset0\fprq2 ArialMT;}}
{\colortbl;\red0\green0\blue0;\red255\green255\blue255;}
\paperw12240\paperh15840\margl1800\margr1800\margt1440\margb1440\fet2\ftnbj\aenddoc
\pgnrestart\pgnstarts0
\pard\plain \ltrch\loch {\f0\fs22\b0\i0 dereno, 3/22/2017 11:58:18 AM}
\par\plain {\f0\fs22\b0\i0 Didn\loch\af0\hich\af0\dbch\af0\uc1\u8217\'92t come out yet bro!}}]]></Comment>
            <Comment ID="048125E8-926B-44BF-A8E4-C54657F8E69B" Collapsed="No" Color="0.996078 0.964706 0.737255"><![CDATA[{\rtf1\ansi\ansicpg1252\uc1\deff0
{\fonttbl{\f0\fnil\fcharset0\fprq2 ArialMT;}}
{\colortbl;\red0\green0\blue0;\red255\green255\blue255;}
\paperw12240\paperh15840\margl1800\margr1800\margt1440\margb1440\fet2\ftnbj\aenddoc
\pgnrestart\pgnstarts0
\pard\plain \ltrch\loch {\f0\fs22\b0\i0 dereno, 3/22/2017 12:03:29 PM}
\par\plain {\f0\fs22\b0\i0 Okay, how old is Caroline? Get this straight dude. }}]]></Comment>
        </Comments>
    </Snapshot>
</Snapshots>
