<?xml version="1.0" encoding="UTF-8"?>
<Snapshots Version="1.0">
    <Snapshot>
        <Title>Pre-Sync External File Version</Title>
        <Date>2017-03-21 15:01:41 -0500</Date>
    </Snapshot>
    <Snapshot>
        <Title>FIRST DRAFT</Title>
        <Date>2017-10-24 06:48:51 -0500</Date>
    </Snapshot>
    <Snapshot>
        <Title>SECOND DRAFT</Title>
        <Date>2017-12-06 05:41:29 -0500</Date>
        <Comments>
            <Comment ID="28AC4F8D-3BAD-4C28-B813-2A2F9D54A642" Collapsed="No" Color="0.996078 0.964706 0.737255"><![CDATA[{\rtf1\ansi\ansicpg1252\uc1\deff0
{\fonttbl{\f0\fnil\fcharset0\fprq2 ArialMT;}}
{\colortbl;\red0\green0\blue0;\red255\green255\blue255;}
\paperw12240\paperh15840\margl1800\margr1800\margt1440\margb1440\fet2\ftnbj\aenddoc
\pgnrestart\pgnstarts0
\pard\plain \ltrch\loch {\f0\fs22\b0\i0 Scratch, 11/27/2017 8:49:27 AM - This is correct. It is a BMW 735iL.}}]]></Comment>
            <Comment ID="912B31B0-BF8E-41BC-A78C-4391511A88BE" Collapsed="No" Color="0.996078 0.964706 0.737255"><![CDATA[{\rtf1\ansi\ansicpg1252\uc1\deff0
{\fonttbl{\f0\fnil\fcharset0\fprq2 ArialMT;}}
{\colortbl;\red0\green0\blue0;\red255\green255\blue255;}
\paperw12240\paperh15840\margl1800\margr1800\margt1440\margb1440\fet2\ftnbj\aenddoc
\pgnrestart\pgnstarts0
\pard\plain \ltrch\loch {\f0\fs22\b0\i0 Scratch, 12/2/2017 11:59:17 AM - Okay, maybe we should research this? }}]]></Comment>
            <Comment ID="ED1BDFA1-CA0A-4E09-921B-EEE9E336EF27" Collapsed="No" Color="0.996078 0.964706 0.737255"><![CDATA[{\rtf1\ansi\ansicpg1252\uc1\deff0
{\fonttbl{\f0\fnil\fcharset0\fprq2 ArialMT;}}
{\colortbl;\red0\green0\blue0;\red255\green255\blue255;}
\paperw12240\paperh15840\margl1800\margr1800\margt1440\margb1440\fet2\ftnbj\aenddoc
\pgnrestart\pgnstarts0
\pard\plain \ltrch\loch {\f0\fs22\b0\i0 Scratch, 10/24/2017 6:49:42 AM - Is there really a reason for mentioning Atlantis? No, but could there be?}}]]></Comment>
            <Comment ID="38CAF4D7-A17B-425C-A681-1E34D8DDF29F" Collapsed="No" Color="0.996078 0.964706 0.737255"><![CDATA[{\rtf1\ansi\ansicpg1252\uc1\deff0
{\fonttbl{\f0\fnil\fcharset0\fprq2 ArialMT;}}
{\colortbl;\red0\green0\blue0;\red255\green255\blue255;}
\paperw12240\paperh15840\margl1800\margr1800\margt1440\margb1440\fet2\ftnbj\aenddoc
\pgnrestart\pgnstarts0
\pard\plain \ltrch\loch {\f0\fs22\b0\i0 Scratch, 10/24/2017 6:57:31 AM - Did you get that? His wife is Muriel Laporte. }}]]></Comment>
            <Comment ID="74FFCA2C-8BE0-46A2-9CC6-2D457BB9A52B" Collapsed="No" Color="0.996078 0.964706 0.737255"><![CDATA[{\rtf1\ansi\ansicpg1252\uc1\deff0
{\fonttbl{\f0\fnil\fcharset0\fprq2 ArialMT;}}
{\colortbl;\red0\green0\blue0;\red255\green255\blue255;}
\paperw12240\paperh15840\margl1800\margr1800\margt1440\margb1440\fet2\ftnbj\aenddoc
\pgnrestart\pgnstarts0
\pard\plain \ltrch\loch {\f0\fs22\b0\i0 Scratch, 10/30/2017 7:50:38 AM - This could be were we talk about Larry\loch\af0\hich\af0\dbch\af0\uc1\u8217\'92s time in Palo Alto. The San Jose AMORC association. His encounter with Steve J. - The Gold Box as the inspiration for the Iphone? }}]]></Comment>
            <Comment ID="264B0334-273F-4F1F-8EAE-6D176B091B5D" Collapsed="No" Color="0.996078 0.964706 0.737255"><![CDATA[{\rtf1\ansi\ansicpg1252\uc1\deff0
{\fonttbl{\f0\fnil\fcharset0\fprq2 ArialMT;}}
{\colortbl;\red0\green0\blue0;\red255\green255\blue255;}
\paperw12240\paperh15840\margl1800\margr1800\margt1440\margb1440\fet2\ftnbj\aenddoc
\pgnrestart\pgnstarts0
\pard\plain \ltrch\loch {\f0\fs22\b0\i0 Scratch, 12/1/2017 6:11:10 AM - We really need to make sure this jives with Larry\loch\af0\hich\af0\dbch\af0\uc1\u8217\'92s background.}}]]></Comment>
            <Comment ID="09518574-9AF2-4D92-8A05-1105F8C35B2B" Collapsed="No" Color="0.996078 0.964706 0.737255"><![CDATA[{\rtf1\ansi\ansicpg1252\uc1\deff0
{\fonttbl{\f0\fnil\fcharset0\fprq2 ArialMT;}}
{\colortbl;\red0\green0\blue0;\red255\green255\blue255;}
\paperw12240\paperh15840\margl1800\margr1800\margt1440\margb1440\fet2\ftnbj\aenddoc
\pgnrestart\pgnstarts0
\pard\plain \ltrch\loch {\f0\fs22\b0\i0 Scratch, 12/6/2017 5:33:23 AM - Are we commonly using emails at the time of this story. }}]]></Comment>
        </Comments>
    </Snapshot>
</Snapshots>
