<?xml version="1.0" encoding="UTF-8"?>
<Snapshots Version="1.0">
    <Snapshot>
        <Title>FIRST DRAFT</Title>
        <Date>2018-05-10 06:35:47 -0400</Date>
        <Comments>
            <Comment ID="B1121DC1-F1E5-4674-944B-F0CF022A0253" Collapsed="No" Color="0.996078 0.964706 0.737255"><![CDATA[{\rtf1\ansi\ansicpg1252\uc1\deff0
{\fonttbl{\f0\fnil\fcharset0\fprq2 ArialMT;}}
{\colortbl;\red0\green0\blue0;\red255\green255\blue255;}
\paperw12240\paperh15840\margl1800\margr1800\margt1440\margb1440\fet2\ftnbj\aenddoc
\pgnrestart\pgnstarts0
\pard\plain \ltrch\loch {\f0\fs22\b0\i0 Scratch, 5/9/2018 7:17:23 PM - The silver disk? Would it be better if he actually had the Gold Box II? }}]]></Comment>
            <Comment ID="98F9A0FA-5B7D-41C1-B1D6-FAEC09FD4887" Collapsed="No" Color="0.996078 0.964706 0.737255"><![CDATA[{\rtf1\ansi\ansicpg1252\uc1\deff0
{\fonttbl{\f0\fnil\fcharset0\fprq2 ArialMT;}}
{\colortbl;\red0\green0\blue0;\red255\green255\blue255;}
\paperw12240\paperh15840\margl1800\margr1800\margt1440\margb1440\fet2\ftnbj\aenddoc
\pgnrestart\pgnstarts0
\pard\plain \ltrch\loch {\f0\fs22\b0\i0 Scratch, 5/9/2018 7:18:38 PM - Good historical pointers.}}]]></Comment>
            <Comment ID="FEB0A037-0A18-47AD-B646-3A2E250A48BF" Collapsed="No" Color="0.996078 0.964706 0.737255"><![CDATA[{\rtf1\ansi\ansicpg1252\uc1\deff0
{\fonttbl{\f0\fnil\fcharset0\fprq2 ArialMT;}}
{\colortbl;\red0\green0\blue0;\red255\green255\blue255;}
\paperw12240\paperh15840\margl1800\margr1800\margt1440\margb1440\fet2\ftnbj\aenddoc
\pgnrestart\pgnstarts0
\pard\plain \ltrch\loch {\f0\fs22\b0\i0 Scratch, 5/10/2018 6:18:11 AM - I think we need to give Vanterpool more of a uniqe and English voice. }}]]></Comment>
            <Comment ID="9808F0BE-A4F5-4642-B3AB-65CA10D1D898" Collapsed="No" Color="0.996078 0.964706 0.737255"><![CDATA[{\rtf1\ansi\ansicpg1252\uc1\deff0
{\fonttbl{\f0\fnil\fcharset0\fprq2 ArialMT;}}
{\colortbl;\red0\green0\blue0;\red255\green255\blue255;}
\paperw12240\paperh15840\margl1800\margr1800\margt1440\margb1440\fet2\ftnbj\aenddoc
\pgnrestart\pgnstarts0
\pard\plain \ltrch\loch {\f0\fs22\b0\i0 Scratch, 5/10/2018 6:28:34 AM - Really? Isn\loch\af0\hich\af0\dbch\af0\uc1\u8217\'92t she AI now. }}]]></Comment>
        </Comments>
    </Snapshot>
    <Snapshot>
        <Title>SECOND DRAFT</Title>
        <Date>2018-05-10 06:36:01 -0400</Date>
        <Comments>
            <Comment ID="B1121DC1-F1E5-4674-944B-F0CF022A0253" Collapsed="No" Color="0.996078 0.964706 0.737255"><![CDATA[{\rtf1\ansi\ansicpg1252\uc1\deff0
{\fonttbl{\f0\fnil\fcharset0\fprq2 ArialMT;}}
{\colortbl;\red0\green0\blue0;\red255\green255\blue255;}
\paperw12240\paperh15840\margl1800\margr1800\margt1440\margb1440\fet2\ftnbj\aenddoc
\pgnrestart\pgnstarts0
\pard\plain \ltrch\loch {\f0\fs22\b0\i0 Scratch, 5/9/2018 7:17:23 PM - The silver disk? Would it be better if he actually had the Gold Box II? }}]]></Comment>
            <Comment ID="98F9A0FA-5B7D-41C1-B1D6-FAEC09FD4887" Collapsed="No" Color="0.996078 0.964706 0.737255"><![CDATA[{\rtf1\ansi\ansicpg1252\uc1\deff0
{\fonttbl{\f0\fnil\fcharset0\fprq2 ArialMT;}}
{\colortbl;\red0\green0\blue0;\red255\green255\blue255;}
\paperw12240\paperh15840\margl1800\margr1800\margt1440\margb1440\fet2\ftnbj\aenddoc
\pgnrestart\pgnstarts0
\pard\plain \ltrch\loch {\f0\fs22\b0\i0 Scratch, 5/9/2018 7:18:38 PM - Good historical pointers.}}]]></Comment>
            <Comment ID="FEB0A037-0A18-47AD-B646-3A2E250A48BF" Collapsed="No" Color="0.996078 0.964706 0.737255"><![CDATA[{\rtf1\ansi\ansicpg1252\uc1\deff0
{\fonttbl{\f0\fnil\fcharset0\fprq2 ArialMT;}}
{\colortbl;\red0\green0\blue0;\red255\green255\blue255;}
\paperw12240\paperh15840\margl1800\margr1800\margt1440\margb1440\fet2\ftnbj\aenddoc
\pgnrestart\pgnstarts0
\pard\plain \ltrch\loch {\f0\fs22\b0\i0 Scratch, 5/10/2018 6:18:11 AM - I think we need to give Vanterpool more of a uniqe and English voice. }}]]></Comment>
            <Comment ID="9808F0BE-A4F5-4642-B3AB-65CA10D1D898" Collapsed="No" Color="0.996078 0.964706 0.737255"><![CDATA[{\rtf1\ansi\ansicpg1252\uc1\deff0
{\fonttbl{\f0\fnil\fcharset0\fprq2 ArialMT;}}
{\colortbl;\red0\green0\blue0;\red255\green255\blue255;}
\paperw12240\paperh15840\margl1800\margr1800\margt1440\margb1440\fet2\ftnbj\aenddoc
\pgnrestart\pgnstarts0
\pard\plain \ltrch\loch {\f0\fs22\b0\i0 Scratch, 5/10/2018 6:28:34 AM - Really? Isn\loch\af0\hich\af0\dbch\af0\uc1\u8217\'92t she AI now. }}]]></Comment>
        </Comments>
    </Snapshot>
</Snapshots>
