<?xml version="1.0" encoding="UTF-8"?>
<Snapshots Version="1.0">
    <Snapshot>
        <Title>FIRST DRAFT</Title>
        <Date>2017-04-28 15:05:47 -0400</Date>
    </Snapshot>
    <Snapshot>
        <Title>Pre-Sync External File Version</Title>
        <Date>2017-05-02 17:29:24 -0400</Date>
    </Snapshot>
    <Snapshot>
        <Title>Pre-Sync External File Version</Title>
        <Date>2017-05-02 22:05:03 -0400</Date>
    </Snapshot>
    <Snapshot>
        <Title>SECOND DRAFT</Title>
        <Date>2017-05-02 23:09:26 -0400</Date>
    </Snapshot>
    <Snapshot>
        <Title>THIRD DRAFT</Title>
        <Date>2018-05-16 06:05:21 -0400</Date>
    </Snapshot>
</Snapshots>
