<?xml version="1.0" encoding="UTF-8"?>
<Snapshots Version="1.0">
    <Snapshot>
        <Title>First Draft</Title>
        <Date>2017-03-23 08:34:28 -0500</Date>
    </Snapshot>
    <Snapshot>
        <Title>Pre-Sync External File Version</Title>
        <Date>2017-06-20 11:19:19 -0500</Date>
    </Snapshot>
    <Snapshot>
        <Title>Pre-Sync External File Version</Title>
        <Date>2017-06-28 13:39:07 -0500</Date>
    </Snapshot>
    <Snapshot>
        <Title>Second Draft</Title>
        <Date>2018-12-27 05:03:02 -0500</Date>
    </Snapshot>
    <Snapshot>
        <Title>Third Draft</Title>
        <Date>2018-12-28 11:39:56 -0500</Date>
    </Snapshot>
</Snapshots>
