<?xml version="1.0" encoding="UTF-8"?>
<Snapshots Version="1.0">
    <Snapshot>
        <Title>Draft</Title>
        <Date>2017-02-02 10:00:00 -0400</Date>
    </Snapshot>
    <Snapshot>
        <Title>First Edit</Title>
        <Date>2017-02-15 07:09:40 -0400</Date>
    </Snapshot>
    <Snapshot>
        <Title>Revised Draft</Title>
        <Date>2017-02-17 05:30:02 -0400</Date>
    </Snapshot>
    <Snapshot>
        <Title>Pre-Sync External File Version</Title>
        <Date>2017-04-21 15:27:16 -0400</Date>
    </Snapshot>
    <Snapshot>
        <Title>SECOND DRAFT</Title>
        <Date>2018-05-15 07:31:07 -0400</Date>
    </Snapshot>
    <Snapshot>
        <Title>THIRD DRAFT</Title>
        <Date>2018-05-15 07:32:32 -0400</Date>
    </Snapshot>
</Snapshots>
