<?xml version="1.0" encoding="UTF-8"?>
<Snapshots Version="1.0">
    <Snapshot>
        <Title>First Draft</Title>
        <Date>2017-03-12 17:07:32 -0400</Date>
    </Snapshot>
    <Snapshot>
        <Title>Pre-Sync External File Version</Title>
        <Date>2017-03-21 15:01:42 -0400</Date>
    </Snapshot>
    <Snapshot>
        <Title>Pre-Sync External File Version</Title>
        <Date>2017-04-21 15:27:19 -0400</Date>
    </Snapshot>
    <Snapshot>
        <Title>Pre-Sync External File Version</Title>
        <Date>2017-06-20 11:19:20 -0400</Date>
    </Snapshot>
    <Snapshot>
        <Title>SECOND DRAFT</Title>
        <Date>2018-05-15 08:39:44 -0400</Date>
    </Snapshot>
    <Snapshot>
        <Title>THIRD DRAFT</Title>
        <Date>2018-05-15 08:59:55 -0400</Date>
    </Snapshot>
</Snapshots>
