<?xml version="1.0" encoding="UTF-8"?>
<Snapshots Version="1.0">
    <Snapshot>
        <Title>FIRST DRAFT</Title>
        <Date>2018-04-25 07:20:19 -0400</Date>
    </Snapshot>
    <Snapshot>
        <Title>SECOND DRAFT</Title>
        <Date>2018-05-28 10:56:51 -0400</Date>
        <Comments>
            <Comment ID="673FE750-9963-402F-9983-86268C2A44EB" Collapsed="No" Color="0.996078 0.964706 0.737255"><![CDATA[{\rtf1\ansi\ansicpg1252\uc1\deff0
{\fonttbl{\f0\fnil\fcharset0\fprq2 ArialMT;}}
{\colortbl;\red0\green0\blue0;\red255\green255\blue255;}
\paperw12240\paperh15840\margl1800\margr1800\margt1440\margb1440\fet2\ftnbj\aenddoc
\pgnrestart\pgnstarts0
\pard\plain \ltrch\loch {\f0\fs22\b0\i0 Scratch, 4/25/2018 7:20:35 AM - What the hell does that mean again?}}]]></Comment>
        </Comments>
    </Snapshot>
    <Snapshot>
        <Title>THIRD DRAFT</Title>
        <Date>2018-05-28 10:57:02 -0400</Date>
        <Comments>
            <Comment ID="673FE750-9963-402F-9983-86268C2A44EB" Collapsed="No" Color="0.996078 0.964706 0.737255"><![CDATA[{\rtf1\ansi\ansicpg1252\uc1\deff0
{\fonttbl{\f0\fnil\fcharset0\fprq2 ArialMT;}}
{\colortbl;\red0\green0\blue0;\red255\green255\blue255;}
\paperw12240\paperh15840\margl1800\margr1800\margt1440\margb1440\fet2\ftnbj\aenddoc
\pgnrestart\pgnstarts0
\pard\plain \ltrch\loch {\f0\fs22\b0\i0 Scratch, 4/25/2018 7:20:35 AM - What the hell does that mean again?}}]]></Comment>
        </Comments>
    </Snapshot>
</Snapshots>
