<?xml version="1.0" encoding="UTF-8"?>
<Snapshots Version="1.0">
    <Snapshot>
        <Title>Pre-Sync External File Version</Title>
        <Date>2017-03-08 10:15:53 -0400</Date>
    </Snapshot>
    <Snapshot>
        <Title>Pre-Sync External File Version</Title>
        <Date>2017-03-21 15:01:43 -0400</Date>
    </Snapshot>
    <Snapshot>
        <Title>Pre-Sync External File Version</Title>
        <Date>2017-06-20 11:19:21 -0400</Date>
    </Snapshot>
    <Snapshot>
        <Title>Pre-Sync External File Version</Title>
        <Date>2017-06-28 13:39:12 -0400</Date>
    </Snapshot>
</Snapshots>
