<?xml version="1.0" encoding="UTF-8"?>
<Snapshots Version="1.0">
    <Snapshot>
        <Title>FIRST DRAFT</Title>
        <Date>2017-09-15 07:11:16 -0400</Date>
    </Snapshot>
    <Snapshot>
        <Title>SECOND DRAFT</Title>
        <Date>2017-09-22 07:05:00 -0400</Date>
    </Snapshot>
    <Snapshot>
        <Title>THIRD DRAFT</Title>
        <Date>2018-07-06 05:44:20 -0400</Date>
    </Snapshot>
    <Snapshot>
        <Title>DONE</Title>
        <Date>2018-07-16 07:21:11 -0400</Date>
    </Snapshot>
</Snapshots>
