<?xml version="1.0" encoding="UTF-8"?>
<Snapshots Version="1.0">
    <Snapshot>
        <Title>Pre-Sync External File Version</Title>
        <Date>2017-03-21 15:01:41 -0400</Date>
    </Snapshot>
    <Snapshot>
        <Title>FIRST DRAFT</Title>
        <Date>2018-04-24 06:36:19 -0400</Date>
    </Snapshot>
    <Snapshot>
        <Title>SECOND DRAFT</Title>
        <Date>2018-04-24 06:53:24 -0400</Date>
        <Comments>
            <Comment ID="12AAE6C8-9B66-4D0C-8675-5FA34B9CD4C8" Collapsed="No" Color="0.996078 0.964706 0.737255"><![CDATA[{\rtf1\ansi\ansicpg1252\uc1\deff0
{\fonttbl{\f0\fnil\fcharset0\fprq2 ArialMT;}}
{\colortbl;\red0\green0\blue0;\red255\green255\blue255;}
\paperw12240\paperh15840\margl1800\margr1800\margt1440\margb1440\fet2\ftnbj\aenddoc
\pgnrestart\pgnstarts0
\pard\plain \ltrch\loch {\f0\fs22\b0\i0 Scratch, 4/24/2018 6:46:26 AM - Does Jack still do fencing?}}]]></Comment>
        </Comments>
    </Snapshot>
</Snapshots>
