<?xml version="1.0" encoding="UTF-8"?>
<Snapshots Version="1.0">
    <Snapshot>
        <Title>FIRST DRAFT</Title>
        <Date>2017-09-15 07:32:11 -0400</Date>
    </Snapshot>
    <Snapshot>
        <Title>SECOND DRAFT</Title>
        <Date>2017-09-23 11:10:30 -0400</Date>
    </Snapshot>
    <Snapshot>
        <Title>THIRD DRAFT</Title>
        <Date>2018-07-16 07:02:44 -0400</Date>
    </Snapshot>
    <Snapshot>
        <Title>FINAL</Title>
        <Date>2018-08-28 07:42:40 -0400</Date>
    </Snapshot>
</Snapshots>
