<?xml version="1.0" encoding="UTF-8"?>
<Snapshots Version="1.0">
    <Snapshot>
        <Title>Pre-Sync External File Version</Title>
        <Date>2017-03-12 17:07:32 -0500</Date>
    </Snapshot>
    <Snapshot>
        <Title>Pre-Sync External File Version</Title>
        <Date>2017-03-15 14:13:33 -0500</Date>
    </Snapshot>
    <Snapshot>
        <Title>Pre-Sync External File Version</Title>
        <Date>2017-03-16 05:07:37 -0500</Date>
    </Snapshot>
    <Snapshot>
        <Title>Pre-Sync External File Version</Title>
        <Date>2017-03-16 05:12:33 -0500</Date>
    </Snapshot>
    <Snapshot>
        <Title>Pre-Sync External File Version</Title>
        <Date>2017-03-21 15:01:42 -0500</Date>
    </Snapshot>
    <Snapshot>
        <Title>Pre-Sync External File Version</Title>
        <Date>2017-03-23 08:34:29 -0500</Date>
    </Snapshot>
    <Snapshot>
        <Title>FIRST DRAFT</Title>
        <Date>2017-04-06 09:12:53 -0500</Date>
    </Snapshot>
    <Snapshot>
        <Title>Pre-Sync External File Version</Title>
        <Date>2017-04-21 15:27:20 -0500</Date>
    </Snapshot>
    <Snapshot>
        <Title>Pre-Sync External File Version</Title>
        <Date>2017-06-20 11:19:20 -0500</Date>
    </Snapshot>
    <Snapshot>
        <Title>SECOND DRAFT</Title>
        <Date>2018-05-14 23:47:23 -0500</Date>
    </Snapshot>
    <Snapshot>
        <Title>THIRD DRAFT</Title>
        <Date>2018-05-14 23:48:12 -0500</Date>
    </Snapshot>
    <Snapshot>
        <Title>THIRD DRAFT - SHORTEER</Title>
        <Date>2018-06-27 13:00:54 -0500</Date>
    </Snapshot>
    <Snapshot>
        <Title>FINAL</Title>
        <Date>2018-07-03 07:17:57 -0500</Date>
        <Comments>
            <Comment ID="B30A7EB6-6050-4598-9C85-512D0FE49D76" Collapsed="No" Color="0.996078 0.964706 0.737255"><![CDATA[{\rtf1\ansi\ansicpg1252\uc1\deff0
{\fonttbl{\f0\fnil\fcharset0\fprq2 ArialMT;}}
{\colortbl;\red0\green0\blue0;\red255\green255\blue255;}
\paperw12240\paperh15840\margl1800\margr1800\margt1440\margb1440\fet2\ftnbj\aenddoc
\pgnrestart\pgnstarts0
\pard\plain \ltrch\loch {\f0\fs22\b0\i0 Scratch, 7/3/2018 7:01:31 AM - Caroline needs to be 21. }}]]></Comment>
        </Comments>
    </Snapshot>
    <Snapshot>
        <Title>DONE</Title>
        <Date>2018-07-06 04:45:33 -0500</Date>
        <Comments>
            <Comment ID="B30A7EB6-6050-4598-9C85-512D0FE49D76" Collapsed="No" Color="0.996078 0.964706 0.737255"><![CDATA[{\rtf1\ansi\ansicpg1252\uc1\deff0
{\fonttbl{\f0\fnil\fcharset0\fprq2 ArialMT;}}
{\colortbl;\red0\green0\blue0;\red255\green255\blue255;}
\paperw12240\paperh15840\margl1800\margr1800\margt1440\margb1440\fet2\ftnbj\aenddoc
\pgnrestart\pgnstarts0
\pard\plain \ltrch\loch {\f0\fs22\b0\i0 Scratch, 7/3/2018 7:01:31 AM - Caroline needs to be 21. }}]]></Comment>
        </Comments>
    </Snapshot>
</Snapshots>
