<?xml version="1.0" encoding="UTF-8"?>
<Snapshots Version="1.0">
    <Snapshot>
        <Title>Pre-Sync External File Version</Title>
        <Date>2017-03-21 15:01:41 -0500</Date>
    </Snapshot>
    <Snapshot>
        <Title>FIRST DRAFT</Title>
        <Date>2018-02-01 05:38:15 -0500</Date>
    </Snapshot>
    <Snapshot>
        <Title>SECOND DRAFT</Title>
        <Date>2018-02-01 06:00:54 -0500</Date>
    </Snapshot>
    <Snapshot>
        <Title>THIRD DRAFT</Title>
        <Date>2019-01-01 22:13:28 -0500</Date>
    </Snapshot>
</Snapshots>
