<?xml version="1.0" encoding="UTF-8"?>
<Snapshots Version="1.0">
    <Snapshot>
        <Title>Draft</Title>
        <Date>2017-02-02 09:00:00 -0500</Date>
    </Snapshot>
    <Snapshot>
        <Title>First Edit</Title>
        <Date>2017-02-15 06:09:40 -0500</Date>
    </Snapshot>
    <Snapshot>
        <Title>Revised Draft</Title>
        <Date>2017-02-17 04:30:02 -0500</Date>
    </Snapshot>
    <Snapshot>
        <Title>Pre-Sync External File Version</Title>
        <Date>2017-04-21 15:27:16 -0500</Date>
    </Snapshot>
    <Snapshot>
        <Title>SECOND DRAFT</Title>
        <Date>2018-05-15 07:31:07 -0500</Date>
    </Snapshot>
    <Snapshot>
        <Title>THIRD DRAFT</Title>
        <Date>2018-05-15 07:32:32 -0500</Date>
    </Snapshot>
    <Snapshot>
        <Title>FINAL</Title>
        <Date>2018-08-27 16:59:22 -0500</Date>
    </Snapshot>
    <Snapshot>
        <Title>FINAL 1.0</Title>
        <Date>2019-02-04 20:54:14 -0500</Date>
    </Snapshot>
</Snapshots>
