<?xml version="1.0" encoding="UTF-8"?>
<Snapshots Version="1.0">
    <Snapshot>
        <Title>FIRST DRAFT</Title>
        <Date>2017-12-11 06:24:07 -0500</Date>
    </Snapshot>
    <Snapshot>
        <Title>SECOND DRAFT</Title>
        <Date>2018-01-02 04:20:33 -0500</Date>
        <Comments>
            <Comment ID="FA4A274F-AE80-4EA2-9B08-B9CB470770C1" Collapsed="No" Color="0.996078 0.964706 0.737255"><![CDATA[{\rtf1\ansi\ansicpg1252\uc1\deff0
{\fonttbl{\f0\fnil\fcharset0\fprq2 ArialMT;}}
{\colortbl;\red0\green0\blue0;\red255\green255\blue255;}
\paperw12240\paperh15840\margl1800\margr1800\margt1440\margb1440\fet2\ftnbj\aenddoc
\pgnrestart\pgnstarts0
\pard\plain \ltrch\loch {\f0\fs22\b0\i0 Scratch, 1/2/2018 3:48:36 AM - Mabye somehow this factors into Hank and his video tape for the big conference? Did he not rewind the damn tape?}}]]></Comment>
        </Comments>
    </Snapshot>
</Snapshots>
